{
	"credit": "Model by 8onfire, made in Blockbench",
	"texture_size": [32, 32],
	"textures": {
		"0": "block/carrots_stage2",
		"particle": "block/carrots_stage2"
	},
	"elements": [
		{
			"name": "crop",
			"from": [4.5, -1, 4.5],
			"to": [11.5, 3, 11.5],
			"faces": {
				"north": {"uv": [3.5, 14, 7, 12], "rotation": 180, "texture": "#0"},
				"east": {"uv": [0, 14, 3.5, 12], "rotation": 180, "texture": "#0"},
				"south": {"uv": [10.5, 14, 14, 12], "rotation": 180, "texture": "#0"},
				"west": {"uv": [7, 14, 10.5, 12], "rotation": 180, "texture": "#0"},
				"up": {"uv": [7, 12, 3.5, 8.5], "rotation": 180, "texture": "#0"},
				"down": {"uv": [10.5, 8.5, 7, 12], "texture": "#0"}
			}
		},
		{
			"name": "stem",
			"from": [2.5, -1, 8],
			"to": [13.5, 16, 8],
			"shade": false,
			"faces": {
				"north": {"uv": [5.5, 0, 11, 8.5], "texture": "#0"},
				"east": {"uv": [0, 0, 0, 0], "texture": "#0"},
				"south": {"uv": [11, 0, 5.5, 8.5], "texture": "#0"},
				"west": {"uv": [0, 0, 0, 0], "texture": "#0"},
				"up": {"uv": [0, 0, 0, 0], "texture": "#0"},
				"down": {"uv": [0, 0, 0, 0], "texture": "#0"}
			}
		},
		{
			"name": "stem2",
			"from": [8, -1, 2.5],
			"to": [8, 16, 13.5],
			"shade": false,
			"faces": {
				"north": {"uv": [0, 0, 0, 0], "texture": "#0"},
				"east": {"uv": [5.5, 0, 11, 8.5], "texture": "#0"},
				"south": {"uv": [0, 0, 0, 0], "texture": "#0"},
				"west": {"uv": [11, 0, 5.5, 8.5], "texture": "#0"},
				"up": {"uv": [0, 0, 0, 0], "texture": "#0"},
				"down": {"uv": [0, 0, 0, 0], "texture": "#0"}
			}
		}
	],
	"groups": [
		{
			"name": "crop",
			"origin": [8, 8, 8],
			"color": 0,
			"children": [0, 1, 2]
		}
	]
}