{
	"credit": "Model by 8onfire, made in Blockbench",
	"texture_size": [32, 32],
	"textures": {
		"0": "block/farmland_moister",
		"particle": "block/farmland_moister"
	},
	"elements": [
		{
			"name": "Farmland",
			"from": [0, 0, 0],
			"to": [16, 15, 16],
			"faces": {
				"north": {"uv": [8, 0, 16, 7.5], "texture": "#0"},
				"east": {"uv": [16, 0, 8, 7.5], "texture": "#0"},
				"south": {"uv": [8, 0, 16, 7.5], "texture": "#0"},
				"west": {"uv": [16, 0, 8, 7.5], "texture": "#0"},
				"up": {"uv": [0, 0, 8, 8], "texture": "#0"},
				"down": {"uv": [0, 8, 8, 16], "texture": "#0"}
			}
		}
	]
}