{
	"credit": "Model by 8onfire, made in Blockbench",
	"texture_size": [32, 32],
	"textures": {
		"0": "block/wheat_stage3",
		"particle": "block/wheat_stage3"
	},
	"elements": [
		{
			"name": "north",
			"from": [0, -1, 5],
			"to": [16, 23, 5],
			"shade": false,
			"faces": {
				"north": {"uv": [8, 4, 0, 16], "texture": "#0"},
				"south": {"uv": [0, 4, 8, 16], "texture": "#0"}
			}
		},
		{
			"name": "south",
			"from": [0, -1, 11],
			"to": [16, 23, 11],
			"shade": false,
			"faces": {
				"north": {"uv": [8, 4, 0, 16], "texture": "#0"},
				"south": {"uv": [0, 4, 8, 16], "texture": "#0"}
			}
		},
		{
			"name": "west",
			"from": [5, -1, 0],
			"to": [5, 23, 16],
			"shade": false,
			"faces": {
				"east": {"uv": [8, 4, 0, 16], "texture": "#0"},
				"west": {"uv": [0, 4, 8, 16], "texture": "#0"}
			}
		},
		{
			"name": "east",
			"from": [11, -1, 0],
			"to": [11, 23, 16],
			"shade": false,
			"faces": {
				"east": {"uv": [8, 4, 0, 16], "texture": "#0"},
				"west": {"uv": [0, 4, 8, 16], "texture": "#0"}
			}
		}
	],
	"groups": [
		{
			"name": "crop",
			"origin": [8, 8, 8],
			"color": 0,
			"children": [0, 1, 2, 3]
		}
	]
}