{
	"credit": "Made with Blockbench",
	"textures": {
		"wall": "block/glass",
		"particle": "#wall"
	},
	"elements": [
		{
			"name": "wall",
			"from": [5, 0, 0],
			"to": [11, 14, 16],
			"faces": {
				"east": {"uv": [16, 16, 0, 2], "rotation": 180, "texture": "#wall"},
				"west": {"uv": [16, 14, 0, 0], "rotation": 180, "texture": "#wall"},
				"up": {"uv": [0, 16, 6, 0], "rotation": 180, "texture": "#wall"},
				"down": {"uv": [9.8, 0, 15.8, 16], "rotation": 180, "texture": "#wall", "cullface": "down"}
			}
		},
		{
			"from": [11, 0, 5],
			"to": [16, 14, 11],
			"faces": {
				"north": {"uv": [0, 0, 5, 14], "texture": "#wall"},
				"south": {"uv": [11, 0, 16, 14], "texture": "#wall"},
				"up": {"uv": [0, 16, 6, 11], "rotation": 90, "texture": "#wall"},
				"down": {"uv": [2.8, 0, 5.2, 5], "rotation": 270, "texture": "#wall"}
			}
		},
		{
			"from": [0, 0, 5],
			"to": [5, 14, 11],
			"faces": {
				"north": {"uv": [11, 0, 16, 14], "texture": "#wall"},
				"south": {"uv": [0, 0, 5, 14], "texture": "#wall"},
				"up": {"uv": [10, 0, 16, 5], "rotation": 270, "texture": "#wall"},
				"down": {"uv": [2.8, 11, 5.2, 16], "rotation": 270, "texture": "#wall"}
			}
		}
	]
}