{
	"credit": "Made with Blockbench",
	"textures": {
		"particle": "#wall",
		"wall": "block/glass"
	},
	"elements": [
		{
			"name": "wall",
			"from": [5, 0, 0],
			"to": [11, 14, 4],
			"faces": {
				"east": {"uv": [0, 14, 4, 0], "rotation": 180, "texture": "#wall"},
				"west": {"uv": [12, 14, 16, 0], "rotation": 180, "texture": "#wall"},
				"up": {"uv": [10, 0, 16, 4], "texture": "#wall"},
				"down": {"uv": [2.8, 16, 5.2, 12], "rotation": 180, "texture": "#wall", "cullface": "down"}
			}
		}
	]
}