{
	"credit": "Made with Blockbench",
	"textures": {
		"particle": "block/glass",
		"glass": "block/glass"
	},
	"elements": [
		{
			"from": [0, 0, 0],
			"to": [16, 8, 8],
			"faces": {
				"north": {"uv": [0, 8, 16, 16], "texture": "#glass", "cullface": "north"},
				"east": {"uv": [8, 8, 16, 16], "texture": "#glass", "cullface": "east"},
				"west": {"uv": [0, 8, 8, 16], "texture": "#glass", "cullface": "west"},
				"up": {"uv": [0, 0, 16, 8], "texture": "#glass"},
				"down": {"uv": [16, 8, 0, 0], "texture": "#glass", "cullface": "down"}
			}
		},
		{
			"from": [8, 8, 8],
			"to": [16, 16, 16],
			"faces": {
				"north": {"uv": [0, 0, 8, 8], "texture": "#glass"},
				"east": {"uv": [0, 0, 8, 8], "texture": "#glass", "cullface": "east"},
				"south": {"uv": [8, 0, 16, 8], "texture": "#glass", "cullface": "south"},
				"west": {"uv": [8, 0, 16, 8], "texture": "#glass"},
				"up": {"uv": [8, 8, 16, 16], "texture": "#glass", "cullface": "up"}
			}
		},
		{
			"from": [8, 0, 8],
			"to": [16, 8, 16],
			"faces": {
				"east": {"uv": [0, 8, 8, 16], "texture": "#glass", "cullface": "east"},
				"south": {"uv": [8, 8, 16, 16], "texture": "#glass", "cullface": "south"},
				"down": {"uv": [8, 16, 0, 8], "texture": "#glass"}
			}
		},
		{
			"from": [0, 0, 8],
			"to": [8, 8, 16],
			"faces": {
				"south": {"uv": [0, 8, 8, 16], "texture": "#glass", "cullface": "south"},
				"west": {"uv": [8, 8, 16, 16], "texture": "#glass"},
				"up": {"uv": [0, 8, 8, 16], "texture": "#glass", "cullface": "up"},
				"down": {"uv": [16, 16, 8, 8], "texture": "#glass"}
			}
		}
	]
}