{
	"parent": "block/block",
	"textures": {
		"glass": "minecraft:block/glass",
		"particle": "#glass"
	},
	"elements": [
		{
			"from": [0, 0, 0],
			"to": [16, 8, 16],
			"faces": {
				"north": {"uv": [0, 0, 16, 8], "texture": "#glass", "cullface": "north"},
				"east": {"uv": [0, 8, 16, 16], "texture": "#glass", "cullface": "east"},
				"south": {"uv": [0, 0, 16, 8], "texture": "#glass", "cullface": "south"},
				"west": {"uv": [0, 8, 16, 16], "texture": "#glass", "cullface": "west"},
				"up": {"uv": [0, 0, 16, 16], "texture": "#glass"},
				"down": {"uv": [0, 0, 16, 16], "texture": "#glass", "cullface": "down"}
			}
		}
	]
}