{
	"credit": "Made with Blockbench",
	"textures": {
		"2": "block/acacia_door",
		"particle": "block/acacia_door_bottom"
	},
	"elements": [
		{
			"from": [0, 3, 9],
			"to": [3, 15, 11],
			"faces": {
				"north": {"uv": [1.2, 11.6, 1.8, 14.2], "texture": "#2"},
				"east": {"uv": [8.6, 11.8, 9, 14.2], "texture": "#2"},
				"south": {"uv": [2.2, 11.6, 2.8, 14.2], "texture": "#2"},
				"west": {"uv": [5.6, 11.8, 6, 14.2], "texture": "#2"},
				"up": {"uv": [10, 4.2, 10, 4.2], "rotation": 90, "texture": "#2"}
			}
		},
		{
			"from": [0, 3, 13],
			"to": [3, 16, 16],
			"faces": {
				"north": {"uv": [0.2, 11.6, 0.8, 14.2], "texture": "#2"},
				"east": {"uv": [7.6, 11.6, 8.2, 14.2], "texture": "#2"},
				"south": {"uv": [7, 11.6, 7.6, 14.2], "texture": "#2"},
				"west": {"uv": [6.4, 11.6, 7, 14.2], "texture": "#2"},
				"up": {"uv": [10, 4.2, 10, 4.2], "rotation": 90, "texture": "#2"}
			}
		},
		{
			"from": [0, 3, 5],
			"to": [3, 15, 7],
			"faces": {
				"north": {"uv": [2.2, 11.6, 2.8, 14.2], "texture": "#2"},
				"east": {"uv": [9.4, 11.8, 9.8, 14.2], "texture": "#2"},
				"south": {"uv": [1.2, 11.6, 1.8, 14.2], "texture": "#2"},
				"west": {"uv": [4.8, 11.8, 5.2, 14.2], "texture": "#2"},
				"up": {"uv": [10, 4.2, 10, 4.2], "rotation": 90, "texture": "#2"}
			}
		},
		{
			"from": [0, 3, 0],
			"to": [3, 16, 3],
			"faces": {
				"north": {"uv": [3.2, 11.6, 3.8, 14.2], "texture": "#2"},
				"east": {"uv": [10.2, 11.6, 10.8, 14.2], "texture": "#2"},
				"south": {"uv": [2.2, 11.6, 2.8, 14.2], "texture": "#2"},
				"west": {"uv": [3.8, 11.6, 4.4, 14.2], "texture": "#2"},
				"up": {"uv": [10, 4.2, 10, 4.2], "rotation": 90, "texture": "#2"}
			}
		},
		{
			"from": [0, 15, 3],
			"to": [3, 16, 13],
			"faces": {
				"north": {"uv": [15.6, 7.2, 15.6, 7.2], "texture": "#2"},
				"east": {"uv": [8.2, 11.6, 10.2, 11.8], "texture": "#2"},
				"south": {"uv": [14.4, 5.4, 14.4, 5.4], "texture": "#2"},
				"west": {"uv": [4.4, 11.6, 6.4, 11.8], "texture": "#2"},
				"up": {"uv": [8, 15, 8, 15], "rotation": 90, "texture": "#2"},
				"down": {"uv": [8.2, 14.2, 10.2, 14.8], "rotation": 90, "texture": "#2"}
			}
		},
		{
			"from": [0, 0, 0],
			"to": [3, 3, 16],
			"faces": {
				"north": {"uv": [3.2, 14.2, 3.8, 14.8], "texture": "#2"},
				"east": {"uv": [7.6, 14.2, 10.8, 14.8], "texture": "#2"},
				"south": {"uv": [7, 14.2, 7.6, 14.8], "texture": "#2"},
				"west": {"uv": [3.8, 14.2, 7, 14.8], "texture": "#2"},
				"up": {"uv": [0, 14.4, 3.2, 15], "rotation": 90, "texture": "#2"},
				"down": {"uv": [3.8, 14.8, 7, 15.4], "rotation": 90, "texture": "#2"}
			}
		}
	]
}